İsim,Para,Stock,Link
Mesaerion: The Best Science ...,£37.59,In stock,https://books.toscrape.com/catalogue/category/books/science-fiction_16/../../../mesaerion-the-best-science-fiction-stories-1800-1849_983/index.html
Join,£35.67,In stock,https://books.toscrape.com/catalogue/category/books/science-fiction_16/../../../join_902/index.html
William Shakespeare's Star Wars: ...,£43.30,In stock,https://books.toscrape.com/catalogue/category/books/science-fiction_16/../../../william-shakespeares-star-wars-verily-a-new-hope-william-shakespeares-star-wars-4_871/index.html
The Project,£10.65,In stock,https://books.toscrape.com/catalogue/category/books/science-fiction_16/../../../the-project_856/index.html
Soft Apocalypse,£26.12,In stock,https://books.toscrape.com/catalogue/category/books/science-fiction_16/../../../soft-apocalypse_833/index.html
Sleeping Giants (Themis Files ...,£48.74,In stock,https://books.toscrape.com/catalogue/category/books/science-fiction_16/../../../sleeping-giants-themis-files-1_604/index.html
Arena,£21.36,In stock,https://books.toscrape.com/catalogue/category/books/science-fiction_16/../../../arena_587/index.html
Foundation (Foundation (Publication Order) ...,£32.42,In stock,https://books.toscrape.com/catalogue/category/books/science-fiction_16/../../../foundation-foundation-publication-order-1_375/index.html
The Restaurant at the ...,£10.92,In stock,https://books.toscrape.com/catalogue/category/books/science-fiction_16/../../../the-restaurant-at-the-end-of-the-universe-hitchhikers-guide-to-the-galaxy-2_275/index.html
Ready Player One,£19.07,In stock,https://books.toscrape.com/catalogue/category/books/science-fiction_16/../../../ready-player-one_209/index.html
"Life, the Universe and ...",£33.26,In stock,https://books.toscrape.com/catalogue/category/books/science-fiction_16/../../../life-the-universe-and-everything-hitchhikers-guide-to-the-galaxy-3_189/index.html
Dune (Dune #1),£54.86,In stock,https://books.toscrape.com/catalogue/category/books/science-fiction_16/../../../dune-dune-1_151/index.html
Do Androids Dream of ...,£51.48,In stock,https://books.toscrape.com/catalogue/category/books/science-fiction_16/../../../do-androids-dream-of-electric-sheep-blade-runner-1_149/index.html
Three Wishes (River of ...,£44.18,In stock,https://books.toscrape.com/catalogue/category/books/science-fiction_16/../../../three-wishes-river-of-time-california-1_89/index.html
The Last Girl (The ...,£36.26,In stock,https://books.toscrape.com/catalogue/category/books/science-fiction_16/../../../the-last-girl-the-dominion-trilogy-1_70/index.html
Having the Barbarian's Baby ...,£34.96,In stock,https://books.toscrape.com/catalogue/category/books/science-fiction_16/../../../having-the-barbarians-baby-ice-planet-barbarians-75_23/index.html
